ID;FECHA;HORA
3195099;05/11/2025;7:54:11
3195099;07/11/2025;7:30:54
3195099;08/11/2025;7:51:02
3195099;10/11/2025;7:51:06
3195099;11/11/2025;7:22:54
3195099;13/11/2025;7:29:26
3195099;15/11/2025;8:21:55
3195099;17/11/2025;7:54:32
3195099;18/11/2025;7:26:33
3195099;19/11/2025;7:34:10
3195099;20/11/2025;7:31:54
3195099;24/11/2025;7:27:33
3195099;26/11/2025;7:32:31
3195099;27/11/2025;8:15:27
3195099;28/11/2025;7:35:38
3195099;29/11/2025;7:50:02
6221669;01/11/2025;9:43:06
6221669;04/11/2025;8:45:19
6221669;05/11/2025;7:49:04
6221669;06/11/2025;7:34:13
6221669;07/11/2025;7:29:52
6221669;08/11/2025;7:52:03
6221669;10/11/2025;7:38:49
6221669;11/11/2025;7:24:19
6221669;12/11/2025;8:05:28
6221669;13/11/2025;8:04:37
6221669;14/11/2025;8:12:03
6221669;15/11/2025;7:38:27
6221669;17/11/2025;7:55:39
6221669;18/11/2025;7:53:46
6221669;19/11/2025;7:46:30
6221669;20/11/2025;7:40:31
6221669;21/11/2025;7:58:56
6221669;22/11/2025;7:30:56
6221669;24/11/2025;7:35:56
6221669;25/11/2025;7:50:23
6221669;26/11/2025;7:42:43
6221669;27/11/2025;8:41:09
6221669;28/11/2025;7:34:23
6221669;29/11/2025;7:49:16
6328836;04/11/2025;8:12:06
6328836;05/11/2025;8:30:04
6328836;06/11/2025;8:21:44
6328836;07/11/2025;8:18:33
6328836;10/11/2025;8:53:11
6328836;12/11/2025;8:14:03
6328836;13/11/2025;8:16:01
6328836;14/11/2025;9:06:52
6328836;15/11/2025;8:27:31
6328836;17/11/2025;9:25:29
6328836;18/11/2025;8:17:43
6328836;19/11/2025;8:14:54
6328836;20/11/2025;8:10:19
6328836;21/11/2025;8:26:01
6328836;22/11/2025;8:20:19
6328836;24/11/2025;8:13:52
6328836;25/11/2025;8:33:23
6328836;26/11/2025;8:16:14
6328836;27/11/2025;8:41:56
6328836;28/11/2025;8:10:33
6328836;29/11/2025;8:20:59
6332982;04/11/2025;7:42:37
6332982;05/11/2025;7:53:23
6332982;06/11/2025;7:43:56
6332982;07/11/2025;7:59:31
6332982;10/11/2025;8:25:45
6332982;11/11/2025;8:12:13
6332982;12/11/2025;8:19:04
6332982;13/11/2025;8:25:28
6332982;15/11/2025;8:25:06
6332982;18/11/2025;8:08:55
6332982;19/11/2025;8:16:24
6332982;20/11/2025;7:57:10
6332982;21/11/2025;8:26:17
6332982;22/11/2025;8:09:34
6332982;25/11/2025;8:46:50
6332982;26/11/2025;8:07:46
6332982;27/11/2025;8:00:30
6332982;28/11/2025;7:56:56
6332982;29/11/2025;8:10:31
6380673;04/11/2025;7:31:00
6380673;05/11/2025;7:21:51
6380673;10/11/2025;7:23:53
6380673;11/11/2025;7:31:31
6380673;17/11/2025;7:56:49
6380673;18/11/2025;7:27:01
6380673;19/11/2025;7:35:35
6380673;24/11/2025;7:30:10
7581369;04/11/2025;7:51:40
7581369;05/11/2025;8:00:00
7581369;06/11/2025;8:06:24
7581369;07/11/2025;7:53:12
7581369;10/11/2025;7:47:20
7581369;11/11/2025;7:51:07
7581369;12/11/2025;8:01:52
7581369;13/11/2025;7:59:09
7581369;14/11/2025;7:56:45
7581369;17/11/2025;8:03:20
7581369;18/11/2025;7:47:51
7581369;19/11/2025;7:51:01
7581369;20/11/2025;7:35:31
7581369;21/11/2025;8:00:46
7581369;22/11/2025;7:54:24
7581369;24/11/2025;7:49:55
7581369;26/11/2025;7:42:56
7581369;27/11/2025;7:52:23
7581369;28/11/2025;8:01:02
7581369;29/11/2025;7:52:09
8071772;05/11/2025;7:34:33
8071772;06/11/2025;7:36:24
8071772;07/11/2025;7:44:29
8071772;08/11/2025;7:50:19
8071772;11/11/2025;7:51:19
8071772;12/11/2025;7:35:43
8071772;13/11/2025;8:00:53
8071772;14/11/2025;7:43:54
8071772;15/11/2025;7:40:44
8071772;17/11/2025;8:18:19
8071772;18/11/2025;8:09:00
8071772;19/11/2025;7:40:06
8071772;20/11/2025;7:41:37
8071772;21/11/2025;7:41:35
8071772;22/11/2025;7:38:42
8071772;24/11/2025;7:41:57
8071772;25/11/2025;7:47:42
8071772;26/11/2025;7:30:21
8071772;27/11/2025;7:57:55
8071772;28/11/2025;7:33:35
8071772;29/11/2025;7:49:33
8134539;04/11/2025;6:35:16
8134539;06/11/2025;7:26:45
8134539;07/11/2025;7:27:19
8134539;10/11/2025;7:22:46
8134539;12/11/2025;7:31:34
8134539;13/11/2025;7:27:00
8134539;14/11/2025;7:43:41
8134539;15/11/2025;7:27:50
8134539;18/11/2025;7:26:10
8134539;22/11/2025;7:28:07
8134539;25/11/2025;7:46:42
8134539;27/11/2025;7:28:57
8134539;28/11/2025;7:33:05
8186729;04/11/2025;7:35:31
8186729;05/11/2025;7:33:05
8186729;06/11/2025;7:31:43
8186729;07/11/2025;7:34:18
8186729;08/11/2025;7:50:31
8186729;10/11/2025;7:47:13
8186729;11/11/2025;7:37:04
8186729;13/11/2025;7:26:47
8186729;17/11/2025;7:47:11
8186729;18/11/2025;7:35:16
8186729;19/11/2025;7:45:01
8186729;20/11/2025;7:38:51
8186729;21/11/2025;7:41:39
8186729;22/11/2025;7:27:54
8186729;24/11/2025;7:50:19
8186729;26/11/2025;7:54:01
8186729;27/11/2025;8:00:47
8186729;28/11/2025;8:09:25
8186729;29/11/2025;7:55:27
8214350;04/11/2025;7:18:11
8214350;07/11/2025;7:29:28
8214350;12/11/2025;7:31:55
8214350;21/11/2025;7:52:44
8214350;22/11/2025;7:55:02
8214350;24/11/2025;7:27:22
8214350;25/11/2025;7:46:38
8214350;26/11/2025;7:36:05
8214350;27/11/2025;7:28:27
8987885;04/11/2025;7:15:45
8987885;05/11/2025;7:48:05
8987885;06/11/2025;7:30:58
8987885;07/11/2025;7:27:36
8987885;08/11/2025;8:00:27
8987885;10/11/2025;8:20:14
8987885;11/11/2025;7:31:35
8987885;13/11/2025;7:29:14
8987885;19/11/2025;7:34:06
8987885;21/11/2025;8:16:56
8987885;22/11/2025;7:46:06
8987885;24/11/2025;8:03:21
8987885;25/11/2025;7:53:16
8987885;26/11/2025;8:01:22
8987885;27/11/2025;7:47:22
8987885;28/11/2025;7:33:15
8987885;29/11/2025;8:17:20
9710486;10/11/2025;9:15:44
9710486;24/11/2025;9:01:40
10687683;04/11/2025;8:35:22
10687683;05/11/2025;8:23:48
10687683;06/11/2025;8:20:41
10687683;10/11/2025;8:29:02
10687683;11/11/2025;8:11:39
10687683;12/11/2025;8:27:44
10687683;13/11/2025;8:28:12
10687683;14/11/2025;8:34:32
10687683;18/11/2025;8:21:27
10687683;20/11/2025;8:47:12
10687683;24/11/2025;8:14:14
10687683;26/11/2025;8:40:08
10687683;27/11/2025;8:34:24
11352781;04/11/2025;6:43:23
11352781;05/11/2025;7:16:26
11352781;07/11/2025;7:27:42
11352781;10/11/2025;8:44:04
11352781;11/11/2025;7:20:04
11352781;12/11/2025;7:31:42
11352781;13/11/2025;7:29:09
11352781;14/11/2025;7:43:59
11352781;15/11/2025;7:26:34
11352781;18/11/2025;7:26:19
11352781;19/11/2025;7:34:14
11352781;20/11/2025;7:31:34
11352781;21/11/2025;7:19:52
11352781;22/11/2025;7:27:58
11352781;24/11/2025;7:39:10
11352781;25/11/2025;7:47:37
11352781;26/11/2025;7:30:36
11352781;27/11/2025;7:28:50
12444381;04/11/2025;7:16:59
12444381;05/11/2025;7:10:36
12444381;06/11/2025;7:26:03
12444381;07/11/2025;7:27:31
12444381;08/11/2025;7:52:29
12444381;10/11/2025;7:22:27
12444381;11/11/2025;7:12:52
12444381;12/11/2025;7:34:03
12444381;13/11/2025;7:36:24
12444381;14/11/2025;7:44:08
12444381;15/11/2025;7:39:51
12444381;17/11/2025;8:12:35
12444381;18/11/2025;7:26:26
12444381;19/11/2025;7:34:02
12444381;20/11/2025;7:31:25
12444381;21/11/2025;7:19:38
12444381;22/11/2025;7:32:28
12444381;24/11/2025;7:26:46
12444381;25/11/2025;7:46:26
12444381;26/11/2025;7:30:07
12444381;27/11/2025;7:28:45
12444381;28/11/2025;7:33:00
12444381;29/11/2025;7:45:06
13767994;04/11/2025;7:28:31
13767994;05/11/2025;7:27:34
13767994;06/11/2025;7:36:43
13767994;07/11/2025;7:33:22
13767994;11/11/2025;7:22:30
13767994;12/11/2025;7:43:57
13767994;13/11/2025;7:45:16
13767994;15/11/2025;7:45:34
13767994;18/11/2025;7:52:09
13767994;19/11/2025;7:43:39
13767994;21/11/2025;7:32:49
13767994;22/11/2025;7:28:03
13767994;25/11/2025;7:51:26
13767994;26/11/2025;7:57:59
13767994;27/11/2025;7:50:55
3893894;01/11/2025;7:55:00
3893894;04/11/2025;7:57:00
3893894;05/11/2025;8:01:00
3893894;06/11/2025;7:59:00
3893894;07/11/2025;7:55:00
3893894;08/11/2025;8:48:00
3893894;10/11/2025;7:59:00
3893894;11/11/2025;8:00:00
3893894;12/11/2025;8:03:00
3893894;13/11/2025;8:08:00
3893894;14/11/2025;9:19:00
3893894;15/11/2025;8:09:00
3893894;17/11/2025;10:57:00
3893894;18/11/2025;8:03:00
3893894;19/11/2025;8:02:00
3893894;20/11/2025;7:59:00
3893894;21/11/2025;7:58:00
3893894;22/11/2025;7:54:00
3893894;24/11/2025;7:57:00
3893894;25/11/2025;8:01:00
3893894;26/11/2025;8:14:00
3893894;27/11/2025;8:13:00
3893894;28/11/2025;7:55:00
3893894;29/11/2025;7:57:00
8972339;01/11/2025;7:54:00
8972339;04/11/2025;7:56:00
8972339;05/11/2025;7:40:00
8972339;06/11/2025;6:56:00
8972339;07/11/2025;7:58:00
8972339;08/11/2025;7:49:00
8972339;10/11/2025;7:56:00
8972339;11/11/2025;7:58:00
8972339;12/11/2025;8:00:00
8972339;13/11/2025;7:53:00
8972339;14/11/2025;7:37:00
8972339;15/11/2025;7:56:00
8972339;17/11/2025;7:54:00
8972339;18/11/2025;7:59:00
8972339;19/11/2025;7:55:00
8972339;20/11/2025;7:57:00
8972339;21/11/2025;7:48:00
8972339;22/11/2025;7:54:00
8972339;24/11/2025;7:52:00
8972339;25/11/2025;7:56:00
8972339;26/11/2025;7:57:00
8972339;27/11/2025;7:46:00
8972339;28/11/2025;8:00:00
8972339;29/11/2025;7:51:00
12598234;01/11/2025;7:49:00
12598234;04/11/2025;8:00:00
12598234;05/11/2025;7:58:00
12598234;06/11/2025;8:07:00
12598234;07/11/2025;7:59:00
12598234;08/11/2025;8:28:00
12598234;10/11/2025;7:57:00
12598234;11/11/2025;7:56:00
12598234;12/11/2025;7:57:00
12598234;13/11/2025;7:49:00
12598234;14/11/2025;9:07:00
12598234;15/11/2025;7:59:00
12598234;17/11/2025;9:46:00
12598234;18/11/2025;7:58:00
12598234;19/11/2025;7:58:00
12598234;20/11/2025;8:05:00
12598234;21/11/2025;7:58:00
12598234;22/11/2025;7:58:00
12598234;24/11/2025;7:59:00
12598234;25/11/2025;7:57:00
12598234;26/11/2025;7:59:00
12598234;27/11/2025;8:00:00
12598234;28/11/2025;8:00:00
12598234;29/11/2025;7:59:00
1006;01/11/2025;7:53:00
1006;04/11/2025;7:58:00
1006;05/11/2025;7:58:00
1006;06/11/2025;7:56:00
1006;07/11/2025;7:57:00
1006;08/11/2025;8:16:00
1006;10/11/2025;7:59:00
1006;11/11/2025;7:56:00
1006;12/11/2025;7:57:00
1006;13/11/2025;7:55:00
1006;14/11/2025;9:16:00
1006;15/11/2025;7:57:00
1006;17/11/2025;9:58:00
1006;18/11/2025;7:51:00
1006;19/11/2025;7:59:00
1006;20/11/2025;7:40:00
1006;21/11/2025;7:52:00
1006;22/11/2025;7:54:00
1006;24/11/2025;7:56:00
1006;25/11/2025;7:46:00
1006;26/11/2025;7:54:00
1006;27/11/2025;7:20:00
1006;28/11/2025;7:57:00
1006;29/11/2025;8:01:00
1005;01/11/2025;7:58:00
1005;04/11/2025;8:05:00
1005;05/11/2025;8:04:00
1005;06/11/2025;8:14:00
1005;07/11/2025;8:11:00
1005;08/11/2025;7:58:00
1005;10/11/2025;8:00:00
1005;11/11/2025;8:32:00
1005;12/11/2025;8:03:00
1005;13/11/2025;8:02:00
1005;14/11/2025;8:25:00
1005;15/11/2025;8:01:00
1005;17/11/2025;8:13:00
1005;18/11/2025;8:12:00
1005;19/11/2025;8:09:00
1005;20/11/2025;7:47:00
1005;21/11/2025;8:15:00
1005;22/11/2025;7:51:00
1005;24/11/2025;8:16:00
1005;25/11/2025;8:01:00
1005;26/11/2025;8:05:00
1005;27/11/2025;8:14:00
1005;28/11/2025;8:10:00
1005;29/11/2025;8:37:00
9733180;01/11/2025;7:51:00
9733180;04/11/2025;8:04:00
9733180;05/11/2025;7:25:00
9733180;06/11/2025;7:54:00
9733180;07/11/2025;8:00:00
9733180;08/11/2025;7:51:00
9733180;10/11/2025;9:34:00
9733180;11/11/2025;8:00:00
9733180;12/11/2025;7:53:00
9733180;13/11/2025;7:59:00
9733180;14/11/2025;8:53:00
9733180;15/11/2025;7:59:00
9733180;17/11/2025;8:30:00
9733180;18/11/2025;7:55:00
9733180;19/11/2025;8:00:00
9733180;20/11/2025;7:56:00
9733180;21/11/2025;7:59:00
9733180;22/11/2025;8:00:00
9733180;24/11/2025;7:59:00
9733180;25/11/2025;7:54:00
9733180;26/11/2025;8:00:00
9733180;27/11/2025;7:55:00
9733180;28/11/2025;7:41:00
9733180;29/11/2025;7:57:00
9805544;01/11/2025;8:02:00
9805544;04/11/2025;8:26:00
9805544;05/11/2025;7:58:00
9805544;06/11/2025;8:05:00
9805544;07/11/2025;7:58:00
9805544;08/11/2025;8:05:00
9805544;10/11/2025;7:58:00
9805544;11/11/2025;7:57:00
9805544;12/11/2025;7:55:00
9805544;13/11/2025;7:59:00
9805544;14/11/2025;7:58:00
9805544;15/11/2025;7:54:00
9805544;17/11/2025;8:39:00
9805544;18/11/2025;7:57:00
9805544;19/11/2025;8:02:00
9805544;20/11/2025;8:01:00
9805544;21/11/2025;8:01:00
9805544;22/11/2025;7:56:00
9805544;24/11/2025;8:09:00
9805544;25/11/2025;7:59:00
9805544;26/11/2025;7:58:00
9805544;27/11/2025;8:02:00
9805544;28/11/2025;7:56:00
9805544;29/11/2025;7:58:00
1007;01/11/2025;7:34:00
1007;04/11/2025;7:59:00
1007;05/11/2025;7:50:00
1007;06/11/2025;7:55:00
1007;07/11/2025;7:19:00
1007;08/11/2025;7:51:00
1007;10/11/2025;7:53:00
1007;11/11/2025;8:16:00
1007;12/11/2025;7:49:00
1007;13/11/2025;8:03:00
1007;14/11/2025;7:58:00
1007;15/11/2025;7:48:00
1007;17/11/2025;8:07:00
1007;18/11/2025;8:01:00
1007;19/11/2025;7:56:00
1007;20/11/2025;7:53:00
1007;21/11/2025;7:55:00
1007;22/11/2025;7:51:00
1007;24/11/2025;8:34:00
1007;25/11/2025;7:32:00
1007;26/11/2025;7:59:00
1007;27/11/2025;7:48:00
1007;28/11/2025;7:54:00
1007;29/11/2025;7:46:00
1008;01/11/2025;7:50:00
1008;04/11/2025;7:54:00
1008;05/11/2025;7:51:00
1008;06/11/2025;8:04:00
1008;07/11/2025;7:54:00
1008;08/11/2025;8:31:00
1008;10/11/2025;7:55:00
1008;11/11/2025;7:55:00
1008;12/11/2025;8:23:00
1008;13/11/2025;8:41:00
1008;14/11/2025;8:51:00
1008;15/11/2025;8:00:00
1008;17/11/2025;8:43:00
1008;18/11/2025;7:58:00
1008;19/11/2025;8:01:00
1008;20/11/2025;10:04:00
1008;21/11/2025;7:58:00
1008;22/11/2025;8:28:00
1008;24/11/2025;8:44:00
1008;25/11/2025;7:45:00
1008;26/11/2025;7:59:00
1008;27/11/2025;8:10:00
1008;28/11/2025;8:07:00
1008;29/11/2025;7:56:00
5345961;01/11/2025;7:39:00
5345961;04/11/2025;7:53:00
5345961;05/11/2025;7:55:00
5345961;06/11/2025;7:57:00
5345961;07/11/2025;7:51:00
5345961;08/11/2025;7:50:00
5345961;10/11/2025;8:01:00
5345961;11/11/2025;7:52:00
5345961;12/11/2025;7:56:00
5345961;13/11/2025;7:51:00
5345961;14/11/2025;8:05:00
5345961;15/11/2025;7:40:00
5345961;17/11/2025;8:50:00
5345961;18/11/2025;7:52:00
5345961;19/11/2025;7:51:00
5345961;20/11/2025;7:58:00
5345961;21/11/2025;7:51:00
5345961;22/11/2025;7:56:00
5345961;24/11/2025;8:28:00
5345961;25/11/2025;8:01:00
5345961;26/11/2025;7:55:00
5345961;27/11/2025;7:58:00
5345961;28/11/2025;8:01:00
5345961;29/11/2025;7:48:00
9850671;01/11/2025;8:31:00
9850671;04/11/2025;7:52:00
9850671;05/11/2025;7:46:00
9850671;06/11/2025;7:54:00
9850671;07/11/2025;7:56:00
9850671;08/11/2025;8:31:00
9850671;10/11/2025;7:56:00
9850671;11/11/2025;7:53:00
9850671;12/11/2025;7:52:00
9850671;13/11/2025;6:58:00
9850671;14/11/2025;10:52:00
9850671;15/11/2025;7:56:00
9850671;17/11/2025;11:07:00
9850671;18/11/2025;7:50:00
9850671;19/11/2025;7:50:00
9850671;20/11/2025;7:49:00
9850671;21/11/2025;7:50:00
9850671;22/11/2025;7:47:00
9850671;24/11/2025;7:55:00
9850671;25/11/2025;7:40:00
9850671;26/11/2025;7:39:00
9850671;27/11/2025;7:40:00
9850671;28/11/2025;7:53:00
9850671;29/11/2025;7:53:00
1009;01/11/2025;7:40:00
1009;05/11/2025;14:53:00
1009;06/11/2025;7:44:00
1009;07/11/2025;7:46:00
1009;08/11/2025;7:54:00
1009;10/11/2025;7:35:00
1009;11/11/2025;7:46:00
1009;12/11/2025;7:44:00
1009;13/11/2025;7:50:00
1009;14/11/2025;7:40:00
1009;15/11/2025;7:48:00
1009;17/11/2025;9:13:00
1009;18/11/2025;7:32:00
1009;19/11/2025;7:42:00
1009;20/11/2025;7:46:00
1009;21/11/2025;7:30:00
1009;22/11/2025;7:32:00
1009;24/11/2025;7:46:00
1009;25/11/2025;7:35:00
1009;26/11/2025;7:34:00
1009;27/11/2025;7:48:00
1009;28/11/2025;7:41:00
1009;29/11/2025;7:36:00
8151290;10/11/2025;10:37:00
8151290;11/11/2025;9:06:00
8151290;12/11/2025;7:48:00
8151290;13/11/2025;7:57:00
8151290;14/11/2025;11:29:00
8151290;15/11/2025;7:56:00
8151290;17/11/2025;11:28:00
8151290;18/11/2025;7:51:00
8151290;19/11/2025;7:58:00
8151290;20/11/2025;7:56:00
8151290;21/11/2025;7:48:00
8151290;22/11/2025;7:58:00
8151290;24/11/2025;7:54:00
8151290;25/11/2025;7:36:00
8151290;26/11/2025;7:53:00
8151290;27/11/2025;8:00:00
8151290;28/11/2025;7:53:00
8151290;29/11/2025;7:56:00
9827623;01/11/2025;7:53:00
9827623;04/11/2025;7:58:00
9827623;05/11/2025;7:53:00
9827623;06/11/2025;7:52:00
9827623;07/11/2025;7:57:00
9827623;08/11/2025;7:57:00
9827623;10/11/2025;7:57:00
9827623;11/11/2025;7:57:00
9827623;17/11/2025;10:52:00
9827623;18/11/2025;7:56:00
9827623;19/11/2025;7:58:00
9827623;20/11/2025;7:49:00
9827623;21/11/2025;7:19:00
9827623;22/11/2025;8:00:00
9827623;24/11/2025;7:56:00
9827623;25/11/2025;7:56:00
9827623;26/11/2025;7:50:00
9827623;27/11/2025;7:51:00
9827623;28/11/2025;7:57:00
9827623;29/11/2025;8:06:00
3893894;01/12/2025;7:57:00
3893894;02/12/2025;7:59:00
3893894;03/12/2025;7:56:00
3893894;04/12/2025;8:00:00
3893894;05/12/2025;8:03:00
3893894;06/12/2025;8:00:00
3893894;08/12/2025;7:59:00
3893894;09/12/2025;8:02:00
3893894;10/12/2025;7:57:00
3893894;11/12/2025;8:15:00
3893894;12/12/2025;8:22:00
3893894;13/12/2025;8:02:00
3893894;15/12/2025;7:59:00
3893894;16/12/2025;7:57:00
3893894;17/12/2025;7:56:00
3893894;18/12/2025;8:03:00
3893894;19/12/2025;8:10:00
3893894;20/12/2025;7:58:00
3893894;22/12/2025;7:56:00
3893894;23/12/2025;7:54:00
3893894;24/12/2025;7:48:00
8972339;01/12/2025;7:55:00
8972339;02/12/2025;7:53:00
8972339;03/12/2025;7:54:00
8972339;04/12/2025;7:57:00
8972339;05/12/2025;11:21:00
8972339;08/12/2025;8:11:00
8972339;09/12/2025;7:48:00
8972339;10/12/2025;7:55:00
8972339;11/12/2025;8:03:00
8972339;12/12/2025;7:11:00
8972339;13/12/2025;7:41:00
8972339;15/12/2025;7:59:00
8972339;16/12/2025;7:35:00
8972339;17/12/2025;7:57:00
8972339;18/12/2025;7:57:00
8972339;19/12/2025;7:55:00
8972339;20/12/2025;7:50:00
8972339;22/12/2025;7:01:00
8972339;23/12/2025;7:58:00
8972339;24/12/2025;7:59:00
12598234;01/12/2025;8:00:00
12598234;02/12/2025;7:58:00
12598234;03/12/2025;8:01:00
12598234;04/12/2025;7:59:00
12598234;05/12/2025;8:05:00
12598234;06/12/2025;7:57:00
12598234;08/12/2025;8:00:00
12598234;09/12/2025;8:00:00
12598234;10/12/2025;7:58:00
12598234;11/12/2025;8:00:00
12598234;12/12/2025;8:00:00
12598234;13/12/2025;8:41:00
12598234;15/12/2025;8:08:00
12598234;16/12/2025;8:55:00
12598234;17/12/2025;8:09:00
12598234;18/12/2025;8:00:00
12598234;19/12/2025;7:47:00
12598234;20/12/2025;7:50:00
12598234;22/12/2025;7:33:00
12598234;23/12/2025;7:55:00
12598234;24/12/2025;7:47:00
1006;01/12/2025;7:56:00
1006;02/12/2025;7:50:00
1006;03/12/2025;7:53:00
1006;04/12/2025;7:53:00
1006;05/12/2025;7:55:00
1006;06/12/2025;7:51:00
1006;08/12/2025;7:53:00
1006;09/12/2025;7:58:00
1006;10/12/2025;7:59:00
1006;11/12/2025;7:53:00
1006;12/12/2025;7:43:00
1006;13/12/2025;7:54:00
1006;15/12/2025;7:50:00
1006;16/12/2025;8:20:00
1006;17/12/2025;7:53:00
1006;18/12/2025;8:00:00
1006;19/12/2025;7:57:00
1006;20/12/2025;7:56:00
1006;22/12/2025;7:59:00
1006;23/12/2025;7:46:00
1006;24/12/2025;7:33:00
1005;01/12/2025;8:19:00
1005;02/12/2025;8:12:00
1005;03/12/2025;8:03:00
1005;04/12/2025;7:53:00
1005;05/12/2025;8:20:00
1005;06/12/2025;8:03:00
1005;08/12/2025;8:13:00
1005;09/12/2025;8:14:00
1005;10/12/2025;8:07:00
1005;11/12/2025;8:10:00
1005;12/12/2025;8:12:00
1005;13/12/2025;7:40:00
1005;15/12/2025;7:55:00
1005;16/12/2025;7:52:00
1005;17/12/2025;7:40:00
1005;18/12/2025;7:39:00
1005;19/12/2025;8:12:00
1005;20/12/2025;8:41:00
1005;22/12/2025;8:15:00
1005;23/12/2025;7:50:00
1005;24/12/2025;8:05:00
1005;26/12/2025;7:56:00
9733180;01/12/2025;8:00:00
9733180;02/12/2025;7:59:00
9733180;03/12/2025;7:50:00
9733180;04/12/2025;7:58:00
9733180;05/12/2025;8:01:00
9733180;06/12/2025;7:58:00
9733180;08/12/2025;7:57:00
9733180;09/12/2025;7:45:00
9733180;10/12/2025;8:00:00
9733180;11/12/2025;7:32:00
9733180;12/12/2025;7:32:00
9733180;13/12/2025;8:24:00
9733180;15/12/2025;7:59:00
9733180;16/12/2025;7:59:00
9733180;17/12/2025;7:38:00
9733180;18/12/2025;7:16:00
9733180;19/12/2025;7:48:00
9733180;20/12/2025;7:57:00
9733180;22/12/2025;7:15:00
9733180;23/12/2025;7:59:00
9733180;24/12/2025;7:09:00
9805544;01/12/2025;8:27:00
9805544;02/12/2025;8:33:00
9805544;03/12/2025;7:57:00
9805544;04/12/2025;8:00:00
9805544;05/12/2025;7:59:00
9805544;06/12/2025;8:00:00
9805544;08/12/2025;8:08:00
9805544;09/12/2025;7:57:00
9805544;10/12/2025;7:55:00
9805544;11/12/2025;7:57:00
9805544;12/12/2025;7:56:00
9805544;13/12/2025;7:59:00
9805544;15/12/2025;8:00:00
9805544;16/12/2025;7:57:00
9805544;17/12/2025;8:01:00
9805544;18/12/2025;7:58:00
9805544;19/12/2025;8:12:00
9805544;20/12/2025;7:58:00
9805544;22/12/2025;7:56:00
9805544;23/12/2025;7:57:00
9805544;24/12/2025;8:25:00
1007;01/12/2025;7:52:00
1007;02/12/2025;7:53:00
1007;03/12/2025;7:56:00
1007;04/12/2025;7:59:00
1007;05/12/2025;7:55:00
1007;06/12/2025;7:56:00
1007;08/12/2025;8:00:00
1007;09/12/2025;7:57:00
1007;10/12/2025;8:00:00
1007;11/12/2025;8:11:00
1007;12/12/2025;10:06:00
1007;13/12/2025;7:49:00
1007;15/12/2025;8:03:00
1007;16/12/2025;7:53:00
1007;17/12/2025;7:54:00
1007;18/12/2025;7:59:00
1007;19/12/2025;8:06:00
1007;20/12/2025;7:59:00
1007;22/12/2025;7:57:00
1007;23/12/2025;7:48:00
1007;24/12/2025;7:54:00
1007;26/12/2025;7:20:00
1008;01/12/2025;8:07:00
1008;02/12/2025;7:49:00
1008;03/12/2025;7:54:00
1008;04/12/2025;8:12:00
1008;05/12/2025;7:53:00
1008;06/12/2025;7:51:00
1008;08/12/2025;7:58:00
1008;09/12/2025;8:03:00
1008;10/12/2025;7:59:00
1008;11/12/2025;8:33:00
1008;12/12/2025;9:13:00
1008;13/12/2025;7:54:00
1008;15/12/2025;8:00:00
1008;16/12/2025;8:27:00
1008;18/12/2025;7:56:00
1008;19/12/2025;8:20:00
1008;20/12/2025;8:37:00
1008;22/12/2025;8:39:00
1008;23/12/2025;8:10:00
1008;24/12/2025;8:12:00
5345961;01/12/2025;7:46:00
5345961;02/12/2025;7:57:00
5345961;03/12/2025;7:47:00
5345961;04/12/2025;7:56:00
5345961;05/12/2025;7:53:00
5345961;06/12/2025;7:56:00
5345961;08/12/2025;7:45:00
5345961;09/12/2025;7:43:00
5345961;10/12/2025;7:56:00
5345961;11/12/2025;7:59:00
5345961;12/12/2025;7:47:00
5345961;13/12/2025;8:00:00
5345961;15/12/2025;7:53:00
5345961;16/12/2025;8:00:00
5345961;17/12/2025;8:17:00
5345961;18/12/2025;8:00:00
5345961;19/12/2025;8:10:00
5345961;20/12/2025;7:54:00
5345961;22/12/2025;7:53:00
5345961;23/12/2025;7:50:00
5345961;24/12/2025;7:27:00
9850671;01/12/2025;7:46:00
9850671;02/12/2025;7:45:00
9850671;03/12/2025;7:56:00
9850671;04/12/2025;7:54:00
9850671;05/12/2025;7:50:00
9850671;06/12/2025;7:54:00
9850671;08/12/2025;7:48:00
9850671;09/12/2025;7:56:00
9850671;10/12/2025;7:56:00
9850671;11/12/2025;9:48:00
9850671;12/12/2025;7:54:00
9850671;13/12/2025;7:54:00
9850671;15/12/2025;7:57:00
9850671;16/12/2025;8:21:00
9850671;17/12/2025;7:58:00
9850671;18/12/2025;8:20:00
9850671;19/12/2025;7:58:00
9850671;20/12/2025;8:10:00
9850671;22/12/2025;8:01:00
9850671;23/12/2025;7:56:00
9850671;24/12/2025;7:50:00
1009;01/12/2025;7:34:00
1009;02/12/2025;7:30:00
1009;03/12/2025;7:40:00
1009;04/12/2025;7:51:00
1009;05/12/2025;7:39:00
1009;06/12/2025;7:45:00
1009;08/12/2025;7:41:00
1009;09/12/2025;7:45:00
1009;10/12/2025;7:28:00
1009;11/12/2025;7:41:00
1009;12/12/2025;7:44:00
1009;13/12/2025;7:33:00
1009;15/12/2025;7:46:00
1009;16/12/2025;7:44:00
1009;17/12/2025;7:37:00
1009;18/12/2025;7:44:00
1009;19/12/2025;7:48:00
1009;22/12/2025;7:45:00
1009;23/12/2025;7:51:00
1009;24/12/2025;7:32:00
8151290;01/12/2025;7:52:00
8151290;02/12/2025;7:45:00
8151290;03/12/2025;7:52:00
8151290;04/12/2025;7:50:00
8151290;05/12/2025;7:51:00
8151290;06/12/2025;8:10:00
8151290;08/12/2025;7:51:00
8151290;09/12/2025;7:56:00
8151290;10/12/2025;7:58:00
8151290;11/12/2025;8:29:00
8151290;12/12/2025;7:44:00
8151290;13/12/2025;9:06:00
8151290;15/12/2025;8:44:00
8151290;16/12/2025;8:08:00
8151290;17/12/2025;7:59:00
8151290;18/12/2025;7:57:00
8151290;19/12/2025;7:57:00
8151290;20/12/2025;7:59:00
8151290;22/12/2025;7:57:00
8151290;23/12/2025;7:58:00
8151290;24/12/2025;7:42:00
9827623;01/12/2025;7:59:00
9827623;02/12/2025;7:55:00
9827623;03/12/2025;7:57:00
9827623;04/12/2025;7:57:00
9827623;05/12/2025;7:59:00
9827623;06/12/2025;8:09:00
9827623;08/12/2025;8:08:00
9827623;09/12/2025;7:56:00
9827623;10/12/2025;7:53:00
9827623;11/12/2025;8:06:00
9827623;12/12/2025;8:06:00
9827623;13/12/2025;8:26:00
9827623;15/12/2025;8:04:00
9827623;16/12/2025;8:54:00
9827623;17/12/2025;7:56:00
9827623;18/12/2025;8:06:00
9827623;19/12/2025;7:56:00
9827623;20/12/2025;8:25:00
9827623;22/12/2025;8:03:00
9827623;23/12/2025;7:49:00
9827623;24/12/2025;7:34:00
